{
  "baseUrl": "http://localhost:3000",  // Base URL for the application being tested
  "integrationFolder": "cypress/integration",  // Folder where test files are located
  "fixturesFolder": "cypress/fixtures",  // Folder for test fixtures
  "supportFile": "cypress/support/index.js",  // Support file for custom commands
  "pluginsFile": "cypress/plugins/index.js",  // File for configuring Cypress plugins
  "videosFolder": "cypress/videos",  // Folder for storing video recordings of test runs
  "screenshotsFolder": "cypress/screenshots",  // Folder for saving screenshots of failed tests
  "video": true,  // Enable video recording of test runs
  "videoCompression": 32,  // Compression rate for videos
  "reporter": "mochawesome",  // Use Mochawesome reporter for generating test reports
  "reporterOptions": {
    "reportDir": "cypress/reports",  // Directory to store test reports
    "overwrite": false,
    "html": true,
    "json": true
  },
  "chromeWebSecurity": false,  // Disable Chrome web security to handle cross-origin issues
  "defaultCommandTimeout": 10000,  // Set default timeout for commands to 10 seconds
  "pageLoadTimeout": 60000,  // Set page load timeout to 60 seconds
  "viewportWidth": 1280,  // Set the default width for the browser window
  "viewportHeight": 720,  // Set the default height for the browser window
  "env": {
    "apiUrl": "http://localhost:3000/api"  // Set the API URL environment variable
  }
}
